Pulse Rate,Breathing Rate,Blood Pressure Systolic,Blood Pressure Diastolic,Temperature
63,20,100,70,37.5
64,21,102,72,38
63,20,100,70,37.5
64,21,102,72,38
63,20,100,70,37.5
64,21,102,72,38
63,20,100,70,37.7
64,21,102,72,38
63,20,100,70,37.5
64,21,102,72,38
63,20,100,70,37.5
64,21,102,72,38
63,20,100,70,37.5
64,21,102,72,38
63,20,100,70,37.7
64,21,102,72,38
63,20,100,70,37.5
64,21,102,72,38
63,20,100,70,37.5
64,21,102,72,38
63,20,100,70,37.5
64,21,102,72,38
63,20,100,70,37.7
64,21,102,72,38
63,20,100,70,37.5
64,21,102,72,38
63,20,100,70,37.5
64,21,102,72,38
63,20,100,70,37.5
64,21,102,72,38
63,20,100,70,37.7
64,21,102,72,38
63,20,100,70,37.5
64,21,102,72,38
63,20,100,70,37.5
64,21,102,72,38
63,20,100,70,37.5
64,21,102,72,38
63,20,100,70,37.7
64,21,102,72,38
60,20,100,70,37.7
62,21,102,72,38
60,20,100,70,37.7
62,21,102,72,38
60,20,100,70,37.7
62,21,102,72,38
60,20,100,70,37.7
62,21,102,72,38
60,20,100,70,37.7
62,21,102,72,38
60,20,100,70,37.7
62,21,102,72,38
60,20,100,70,37.7
62,21,102,72,38
60,20,100,70,37.7
62,21,102,72,38
60,20,100,70,37.7
62,21,102,72,38
60,20,100,70,37.7
62,21,102,72,38
60,20,100,70,37.7
62,21,102,72,38
60,20,100,70,37.7
62,21,102,72,38
60,20,100,70,37.7
62,21,102,72,38
60,20,100,70,37.7
62,21,102,72,38
60,20,100,70,37.7
62,21,102,72,38
60,20,100,70,37.7
62,21,102,72,38
60,20,100,70,37.7
62,21,102,72,38
60,20,100,70,37.7
62,21,102,72,38
60,20,100,70,37.7
62,21,102,72,38
60,20,100,70,37.7
62,21,102,72,38
60,20,100,70,37.7
62,21,102,72,38
60,20,100,70,37.7
62,21,102,72,38
60,20,100,70,37.7
62,21,102,72,38
60,20,100,70,37.7
62,21,102,72,38
60,20,100,70,37.7
62,21,102,72,38
60,20,100,70,37.7
62,21,102,72,38
60,20,100,70,37.7
62,21,102,72,38
60,20,100,70,37.7
62,21,102,72,38
